{ "command": "room", "venue": "Grand Canyon", "room": "Room1", "size": "small" }
{ "command": "room", "venue": "Grand Canyon", "room": "Room2", "size": "small" }
{ "command": "room", "venue": "Grand Canyon", "room": "Room3", "size": "large" }
{ "command": "room", "venue": "Victoria Falls", "room": "Room4", "size": "large" }
{ "command": "room", "venue": "Victoria Falls", "room": "Room5", "size": "large" }
{ "command": "room", "venue": "Glacier Bay", "room": "Room6", "size": "large" }
{ "command": "room", "venue": "Lake Baykal", "room": "Room7", "size": "medium" }
{ "command": "room", "venue": "Lake Baykal", "room": "Room8", "size": "small" }
{ "command": "room", "venue": "Mount Everest", "room": "Room9", "size": "medium" }
{ "command": "request", "id": "Agent1", "start": "2019-06-25", "end": "2019-06-26", "small": 0, "medium": 0, "large": 2 }
{ "command": "request", "id": "Agent3", "start": "2019-06-26", "end": "2019-06-26", "small": 1, "medium": 0, "large": 1 }
{ "command": "request", "id": "Agent2", "start": "2019-06-24", "end": "2019-06-27", "small": 0, "medium": 0, "large": 1 }
{ "command": "change", "id": "Agent2", "start": "2019-06-27", "end": "2019-06-29", "small": 1, "medium": 0, "large": 0 }
{ "command": "request", "id": "Agent4", "start": "2019-06-25", "end": "2019-06-26" , "small": 0, "medium": 0, "large": 2 }
{ "command": "request", "id": "Agent5", "start": "2019-06-26", "end": "2019-06-26", "small": 1, "medium": 1, "large": 0 }
{ "command": "request", "id": "Agent6", "start": "2019-06-26", "end": "2019-06-26", "small": 0, "medium": 1, "large": 0 }
{ "command": "request", "id": "Agent7", "start": "2019-06-26", "end": "2019-06-26", "small": 1, "medium": 0, "large": 0 }
{ "command": "cancel", "id": "Agent3" }
{ "command": "list", "venue": "Grand Canyon" }
{ "command": "list", "venue": "Victoria Falls" }
{ "command": "list", "venue": "Glacier Bay" }
{ "command": "list", "venue": "Lake Baykal" }
{ "command": "list", "venue": "Mount Everest" }
