{ "command": "room", "venue": "Ultimo", "room": "Room1", "size": "small" }
{ "command": "room", "venue": "Como", "room": "Room2", "size": "large" }
{ "command": "room", "venue": "Ultimo", "room": "Room3", "size": "small" }
{ "command": "room", "venue": "Bundeena", "room": "Room4", "size": "small" }
{ "command": "room", "venue": "Ultimo", "room": "Noom5", "size": "medium" }
{ "command": "request", "id": "Agent1", "start": "2019-03-25", "end": "2019-03-26", "small": 0, "medium": 0, "large": 1 }
{ "command": "request", "id": "Agent2", "start": "2019-03-24", "end": "2019-03-27", "small": 1, "medium": 0, "large": 1 }
{ "command": "request", "id": "Agent3", "start": "2019-03-26", "end": "2019-03-26", "small": 1, "medium": 0, "large": 1 }
{ "command": "change", "id": "Agent3", "start": "2019-03-27", "end": "2019-03-29", "small": 1, "medium": 1, "large": 0 }
{ "command": "request", "id": "Agent4", "start": "2019-03-25", "end": "2019-03-26" , "small": 1, "medium": 0, "large": 0 }
{ "command": "cancel", "id": "Agent3" }
{ "command": "change", "id": "Agent2", "start": "2019-03-26", "end": "2019-03-26", "small": 1, "medium": 0, "large": 0 }
{ "command": "change", "id": "Agent1", "start": "2019-03-26", "end": "2019-03-26", "small": 0, "medium": 1, "large": 0 }
{ "command": "change", "id": "Agent3", "start": "2019-03-26", "end": "2019-03-26", "small": 1, "medium": 0, "large": 0 }
{ "command": "list", "venue": "Ultimo" }
{ "command": "list", "venue": "Gardens" }
{ "command": "list", "venue": "Como" }
{ "command": "list", "venue": "Bundeena" }
