{ "command": "room", "venue": "Skyline", "room": "Room1", "size": "large" }
{ "command": "room", "venue": "Skyline", "room": "Room2", "size": "large" }
{ "command": "room", "venue": "Skyline", "room": "Room3", "size": "large" }
{ "command": "room", "venue": "Outspace", "room": "Room4", "size": "small" }
{ "command": "request", "id": "Agent1", "start": "2019-06-25", "end": "2019-06-26", "small": 1, "medium": 0, "large": 1 }
{ "command": "request", "id": "Agent1", "start": "2019-06-25", "end": "2019-06-26", "small": 0, "medium": 0, "large": 1 }
{ "command": "request", "id": "Agent1", "start": "2019-06-28", "end": "2019-06-29", "small": 1, "medium": 0, "large": 1 }
{ "command": "request", "id": "Agent1", "start": "2019-06-25", "end": "2019-06-28", "small": 0, "medium": 0, "large": 1 }
{ "command": "request", "id": "Agent2", "start": "2019-07-25", "end": "2019-07-26", "small": 1, "medium": 0, "large": 1 }
{ "command": "request", "id": "Agent2", "start": "2019-06-25", "end": "2019-06-26", "small": 0, "medium": 0, "large": 1 }
{ "command": "change", "id": "Agent2", "start": "2019-06-25", "end": "2019-06-26", "small": 1, "medium": 0, "large": 0 }
{ "command": "cancel", "id": "Agent2" }
{ "command": "list", "venue": "Skyline" }
{ "command": "list", "venue": "Outspace" }
