{"venue":"Como","rooms":["Room2"],"status":"success"}
{"status":"rejected"}
{"status":"rejected"}
{"status":"rejected"}
{"venue":"Ultimo","rooms":["Room1"],"status":"success"}
{"status":"rejected"}
{"status":"rejected"}
{"venue":"Ultimo","rooms":["Noom5"],"status":"success"}
{"status":"rejected"}
[
 {
  "reservations": [{
   "start": "2019-03-25",
   "end": "2019-03-26",
   "id": "Agent4"
  }],
  "room": "Room1"
 },
 {
  "reservations": [],
  "room": "Room3"
 },
 {
  "reservations": [{
   "start": "2019-03-26",
   "end": "2019-03-26",
   "id": "Agent1"
  }],
  "room": "Noom5"
 }
]
[]
[{
 "reservations": [],
 "room": "Room2"
}]
[{
 "reservations": [],
 "room": "Room4"
}]
