{"venue":"Victoria Falls","rooms":["Room4","Room5"],"status":"success"}
{"venue":"Grand Canyon","rooms":["Room1","Room3"],"status":"success"}
{"venue":"Glacier Bay","rooms":["Room6"],"status":"success"}
{"venue":"Grand Canyon","rooms":["Room1"],"status":"success"}
{"status":"rejected"}
{"venue":"Lake Baykal","rooms":["Room8","Room7"],"status":"success"}
{"venue":"Mount Everest","rooms":["Room9"],"status":"success"}
{"venue":"Grand Canyon","rooms":["Room2"],"status":"success"}
{"status":"success"}
[
 {
  "reservations": [{
   "start": "2019-06-27",
   "end": "2019-06-29",
   "id": "Agent2"
  }],
  "room": "Room1"
 },
 {
  "reservations": [{
   "start": "2019-06-26",
   "end": "2019-06-26",
   "id": "Agent7"
  }],
  "room": "Room2"
 },
 {
  "reservations": [],
  "room": "Room3"
 }
]
[
 {
  "reservations": [{
   "start": "2019-06-25",
   "end": "2019-06-26",
   "id": "Agent1"
  }],
  "room": "Room4"
 },
 {
  "reservations": [{
   "start": "2019-06-25",
   "end": "2019-06-26",
   "id": "Agent1"
  }],
  "room": "Room5"
 }
]
[{
 "reservations": [],
 "room": "Room6"
}]
[
 {
  "reservations": [{
   "start": "2019-06-26",
   "end": "2019-06-26",
   "id": "Agent5"
  }],
  "room": "Room7"
 },
 {
  "reservations": [{
   "start": "2019-06-26",
   "end": "2019-06-26",
   "id": "Agent5"
  }],
  "room": "Room8"
 }
]
[{
 "reservations": [{
  "start": "2019-06-26",
  "end": "2019-06-26",
  "id": "Agent6"
 }],
 "room": "Room9"
}]
