{"status":"rejected"}
{"venue":"Skyline","rooms":["Room1"],"status":"success"}
{"status":"rejected"}
{"venue":"Skyline","rooms":["Room2"],"status":"success"}
{"status":"rejected"}
{"venue":"Skyline","rooms":["Room3"],"status":"success"}
{"venue":"Outspace","rooms":["Room4"],"status":"success"}
{"status":"success"}
[
 {
  "reservations": [{
   "start": "2019-06-25",
   "end": "2019-06-26",
   "id": "Agent1"
  }],
  "room": "Room1"
 },
 {
  "reservations": [{
   "start": "2019-06-25",
   "end": "2019-06-28",
   "id": "Agent1"
  }],
  "room": "Room2"
 },
 {
  "reservations": [],
  "room": "Room3"
 }
]
[{
 "reservations": [],
 "room": "Room4"
}]
